timestamp_ms,node_addr,role,session_id,file,size_bytes,hops,exits,elapsed_ms,progress_pct,sent_bytes,tx_Bps,acked_frags,ack_fps,inflight,max_inflight,mesh_retx,oow_queued,oow_sent,cong,bp,mesh_ms,cloud_wait_ms,e2e_Bps,mesh_Bps,result
21490,0x7E40,local_exit,17694,demo-large.jpg,1061002,0,0,996,0,0,0,0,0,16,16,0,0,0,0,0,0,0,0,0,periodic
22504,0x7E40,local_exit,17694,demo-large.jpg,1061002,0,0,2010,0,0,0,6,5,16,16,0,0,0,0,0,0,0,0,0,periodic
23529,0x7E40,local_exit,17694,demo-large.jpg,1061002,0,0,3035,1,0,0,11,4,16,16,0,0,0,0,0,0,0,0,0,periodic
24550,0x7E40,local_exit,17694,demo-large.jpg,1061002,0,0,4056,4,0,0,31,19,16,16,0,0,0,0,0,0,0,0,0,periodic
25570,0x7E40,local_exit,17694,demo-large.jpg,1061002,0,0,5076,6,0,0,44,12,16,16,0,0,0,0,0,0,0,0,0,periodic
26573,0x7E40,local_exit,17694,demo-large.jpg,1061002,0,0,6079,7,0,0,52,7,16,16,0,0,0,0,0,0,0,0,0,periodic
27602,0x7E40,local_exit,17694,demo-large.jpg,1061002,0,0,7108,7,0,0,56,3,16,16,0,0,0,0,0,0,0,0,0,periodic
28628,0x7E40,local_exit,17694,demo-large.jpg,1061002,0,0,8134,10,0,0,75,18,16,16,0,0,0,0,0,0,0,0,0,periodic
29639,0x7E40,local_exit,17694,demo-large.jpg,1061002,0,0,9145,11,0,0,85,9,16,16,0,0,0,0,0,0,0,0,0,periodic
30652,0x7E40,local_exit,17694,demo-large.jpg,1061002,0,0,10158,12,0,0,89,3,16,16,0,0,0,0,0,0,0,0,0,periodic
31665,0x7E40,local_exit,17694,demo-large.jpg,1061002,0,0,11171,14,0,0,105,15,16,16,0,0,0,0,0,0,0,0,0,periodic
32674,0x7E40,local_exit,17694,demo-large.jpg,1061002,0,0,12180,16,0,0,117,11,16,16,0,0,0,0,0,0,0,0,0,periodic
33676,0x7E40,local_exit,17694,demo-large.jpg,1061002,0,0,13182,17,0,0,125,7,16,16,0,0,0,0,0,0,0,0,0,periodic
34676,0x7E40,local_exit,17694,demo-large.jpg,1061002,0,0,14182,18,0,0,133,8,16,16,0,0,0,0,0,0,0,0,0,periodic
35707,0x7E40,local_exit,17694,demo-large.jpg,1061002,0,0,15213,19,0,0,144,10,16,16,0,0,0,0,0,0,0,0,0,periodic
36707,0x7E40,local_exit,17694,demo-large.jpg,1061002,0,0,16213,20,0,0,150,6,16,16,0,0,0,0,0,0,0,0,0,periodic
37710,0x7E40,local_exit,17694,demo-large.jpg,1061002,0,0,17216,21,0,0,157,6,16,16,0,0,0,0,0,0,0,0,0,periodic
39449,0x7E40,local_exit,17694,demo-large.jpg,1061002,0,0,18955,24,0,0,180,13,9,16,0,0,0,0,0,0,0,0,0,periodic
40468,0x7E40,local_exit,17694,demo-large.jpg,1061002,0,0,19974,24,0,0,181,0,16,16,0,0,0,0,0,0,0,0,0,periodic
41491,0x7E40,local_exit,17694,demo-large.jpg,1061002,0,0,20997,25,0,0,186,4,16,16,0,0,0,0,0,0,0,0,0,periodic
47013,0x7E40,local_exit,17694,demo-large.jpg,1061002,0,0,26519,27,0,0,202,2,16,16,0,0,0,0,0,0,0,0,0,periodic
48016,0x7E40,local_exit,17694,demo-large.jpg,1061002,0,0,27522,29,0,0,214,11,16,16,0,0,0,0,0,0,0,0,0,periodic
49036,0x7E40,local_exit,17694,demo-large.jpg,1061002,0,0,28542,30,0,0,224,9,16,16,0,0,0,0,0,0,0,0,0,periodic
50061,0x7E40,local_exit,17694,demo-large.jpg,1061002,0,0,29567,34,0,0,249,24,16,16,0,0,0,0,0,0,0,0,0,periodic
51063,0x7E40,local_exit,17694,demo-large.jpg,1061002,0,0,30569,35,0,0,260,10,16,16,0,0,0,0,0,0,0,0,0,periodic
52084,0x7E40,local_exit,17694,demo-large.jpg,1061002,0,0,31590,35,0,0,260,0,16,16,0,0,0,0,0,0,0,0,0,periodic
53110,0x7E40,local_exit,17694,demo-large.jpg,1061002,0,0,32616,36,0,0,265,4,16,16,0,0,0,0,0,0,0,0,0,periodic
54116,0x7E40,local_exit,17694,demo-large.jpg,1061002,0,0,33622,36,0,0,268,2,16,16,0,0,0,0,0,0,0,0,0,periodic
55138,0x7E40,local_exit,17694,demo-large.jpg,1061002,0,0,34644,36,0,0,268,0,16,16,0,0,0,0,0,0,0,0,0,periodic
56149,0x7E40,local_exit,17694,demo-large.jpg,1061002,0,0,35655,38,0,0,278,9,16,16,0,0,0,0,0,0,0,0,0,periodic
57170,0x7E40,local_exit,17694,demo-large.jpg,1061002,0,0,36676,38,0,0,278,0,16,16,0,0,0,0,0,0,0,0,0,periodic
58182,0x7E40,local_exit,17694,demo-large.jpg,1061002,0,0,37688,39,0,0,285,6,16,16,0,0,0,0,0,0,0,0,0,periodic
59202,0x7E40,local_exit,17694,demo-large.jpg,1061002,0,0,38708,40,0,0,296,10,16,16,0,0,0,0,0,0,0,0,0,periodic
60501,0x7E40,local_exit,17694,demo-large.jpg,1061002,0,0,40007,40,0,0,298,1,16,16,0,0,0,0,0,0,0,0,0,periodic
61523,0x7E40,local_exit,17694,demo-large.jpg,1061002,0,0,41029,42,0,0,312,13,16,16,0,0,0,0,0,0,0,0,0,periodic
62546,0x7E40,local_exit,17694,demo-large.jpg,1061002,0,0,42052,44,0,0,327,14,16,16,0,0,0,0,0,0,0,0,0,periodic
63562,0x7E40,local_exit,17694,demo-large.jpg,1061002,0,0,43068,47,0,0,343,15,16,16,0,0,0,0,0,0,0,0,0,periodic
64658,0x7E40,local_exit,17694,demo-large.jpg,1061002,0,0,44164,48,0,0,353,9,16,16,0,0,0,0,0,0,0,0,0,periodic
66184,0x7E40,local_exit,17694,demo-large.jpg,1061002,0,0,45690,48,0,0,355,1,16,16,0,0,0,0,0,0,0,0,0,periodic
67795,0x7E40,local_exit,17694,demo-large.jpg,1061002,0,0,47301,50,0,0,369,8,10,16,0,0,0,0,0,0,0,0,0,periodic
68813,0x7E40,local_exit,17694,demo-large.jpg,1061002,0,0,48319,53,0,0,387,17,16,16,0,0,0,0,0,0,0,0,0,periodic
69831,0x7E40,local_exit,17694,demo-large.jpg,1061002,0,0,49337,55,0,0,406,18,16,16,0,0,0,0,0,0,0,0,0,periodic
70841,0x7E40,local_exit,17694,demo-large.jpg,1061002,0,0,50347,57,0,0,422,15,16,16,0,0,0,0,0,0,0,0,0,periodic
71857,0x7E40,local_exit,17694,demo-large.jpg,1061002,0,0,51363,59,0,0,436,13,16,16,0,0,0,0,0,0,0,0,0,periodic
72872,0x7E40,local_exit,17694,demo-large.jpg,1061002,0,0,52378,59,0,0,436,0,16,16,0,0,0,0,0,0,0,0,0,periodic
73891,0x7E40,local_exit,17694,demo-large.jpg,1061002,0,0,53397,61,0,0,446,9,16,16,0,0,0,0,0,0,0,0,0,periodic
74908,0x7E40,local_exit,17694,demo-large.jpg,1061002,0,0,54414,62,0,0,459,12,16,16,0,0,0,0,0,0,0,0,0,periodic
75934,0x7E40,local_exit,17694,demo-large.jpg,1061002,0,0,55440,66,0,0,483,23,16,16,0,0,0,0,0,0,0,0,0,periodic
76961,0x7E40,local_exit,17694,demo-large.jpg,1061002,0,0,56467,68,0,0,499,15,16,16,0,0,0,0,0,0,0,0,0,periodic
77970,0x7E40,local_exit,17694,demo-large.jpg,1061002,0,0,57476,69,0,0,504,4,16,16,0,0,0,0,0,0,0,0,0,periodic
79793,0x7E40,local_exit,17694,demo-large.jpg,1061002,0,0,59299,74,0,0,540,19,9,16,0,0,0,0,0,0,0,0,0,periodic
80794,0x7E40,local_exit,17694,demo-large.jpg,1061002,0,0,60300,74,0,0,541,0,16,16,0,0,0,0,0,0,0,0,0,periodic
81824,0x7E40,local_exit,17694,demo-large.jpg,1061002,0,0,61330,75,0,0,554,12,16,16,0,0,0,0,0,0,0,0,0,periodic
82848,0x7E40,local_exit,17694,demo-large.jpg,1061002,0,0,62354,75,0,0,554,0,16,16,0,0,0,0,0,0,0,0,0,periodic
83870,0x7E40,local_exit,17694,demo-large.jpg,1061002,0,0,63376,75,0,0,554,0,16,16,0,0,0,0,0,0,0,0,0,periodic
84870,0x7E40,local_exit,17694,demo-large.jpg,1061002,0,0,64376,77,0,0,563,9,16,16,0,0,0,0,0,0,0,0,0,periodic
85871,0x7E40,local_exit,17694,demo-large.jpg,1061002,0,0,65377,77,0,0,565,1,16,16,0,0,0,0,0,0,0,0,0,periodic
86884,0x7E40,local_exit,17694,demo-large.jpg,1061002,0,0,66390,79,0,0,576,10,16,16,0,0,0,0,0,0,0,0,0,periodic
87906,0x7E40,local_exit,17694,demo-large.jpg,1061002,0,0,67412,79,0,0,577,0,16,16,0,0,0,0,0,0,0,0,0,periodic
88929,0x7E40,local_exit,17694,demo-large.jpg,1061002,0,0,68435,81,0,0,593,15,16,16,0,0,0,0,0,0,0,0,0,periodic
89936,0x7E40,local_exit,17694,demo-large.jpg,1061002,0,0,69442,82,0,0,601,7,16,16,0,0,0,0,0,0,0,0,0,periodic
91021,0x7E40,local_exit,17694,demo-large.jpg,1061002,0,0,70527,82,0,0,602,0,16,16,0,0,0,0,0,0,0,0,0,periodic
92047,0x7E40,local_exit,17694,demo-large.jpg,1061002,0,0,71553,84,0,0,617,14,16,16,0,0,0,0,0,0,0,0,0,periodic
93071,0x7E40,local_exit,17694,demo-large.jpg,1061002,0,0,72577,84,0,0,617,0,16,16,0,0,0,0,0,0,0,0,0,periodic
94081,0x7E40,local_exit,17694,demo-large.jpg,1061002,0,0,73587,85,0,0,626,8,16,16,0,0,0,0,0,0,0,0,0,periodic
95110,0x7E40,local_exit,17694,demo-large.jpg,1061002,0,0,74616,86,0,0,630,3,16,16,0,0,0,0,0,0,0,0,0,periodic
96133,0x7E40,local_exit,17694,demo-large.jpg,1061002,0,0,75639,88,0,0,647,16,16,16,0,0,0,0,0,0,0,0,0,periodic
97146,0x7E40,local_exit,17694,demo-large.jpg,1061002,0,0,76652,90,0,0,661,13,16,16,0,0,0,0,0,0,0,0,0,periodic
98170,0x7E40,local_exit,17694,demo-large.jpg,1061002,0,0,77676,90,0,0,663,1,16,16,0,0,0,0,0,0,0,0,0,periodic
99186,0x7E40,local_exit,17694,demo-large.jpg,1061002,0,0,78692,92,0,0,676,12,16,16,0,0,0,0,0,0,0,0,0,periodic
100199,0x7E40,local_exit,17694,demo-large.jpg,1061002,0,0,79705,94,0,0,689,12,16,16,0,0,0,0,0,0,0,0,0,periodic
102460,0x7E40,local_exit,17694,demo-large.jpg,1061002,0,0,81966,95,0,0,693,1,16,16,0,0,0,0,0,0,0,0,0,periodic
103482,0x7E40,local_exit,17694,demo-large.jpg,1061002,0,0,82988,95,0,0,695,1,16,16,0,0,0,0,0,0,0,0,0,periodic
104489,0x7E40,local_exit,17694,demo-large.jpg,1061002,0,0,83995,96,0,0,701,5,16,16,0,0,0,0,0,0,0,0,0,periodic
105518,0x7E40,local_exit,17694,demo-large.jpg,1061002,0,0,85024,96,0,0,701,0,16,16,0,0,0,0,0,0,0,0,0,periodic
106907,0x7E40,local_exit,17694,demo-large.jpg,1061002,0,0,86413,98,0,0,721,14,8,16,0,0,0,0,0,0,0,0,0,periodic
107213,0x7E40,local_exit,17694,demo-large.jpg,1061002,0,0,86719,100,1061002,12234,729,0,0,16,0,0,0,0,0,86719,0,12234,12234,complete
